,count,mean,std,min,25%,50%,75%,max
CANDIDATE_ID,4949.0,6384845.963629016,639389.1924264829,3642289.0,5878225.0,6437258.0,6936035.0,7454051.0
BIRTH_YEAR,4949.0,1994.2038795716305,10.340731925971141,1947.0,1988.0,1998.0,2002.0,2006.0
STUDIED_FOR_GED,4949.0,0.8339058395635482,0.37220274422071625,0.0,1.0,1.0,1.0,1.0
STUDY_HELPFUL_ADULT_EDUCATION_CLASS,4949.0,0.22448979591836735,0.41728804463314045,0.0,0.0,0.0,0.0,1.0
STUDY_HELPFUL_ADULT_EDUCATION_TEACHER,4949.0,0.19822186300262679,0.39870048416075277,0.0,0.0,0.0,0.0,1.0
STUDY_HELPFUL_AUDIO_STUDY_MATERIALS,4949.0,0.01899373610830471,0.1365164453670833,0.0,0.0,0.0,0.0,1.0
STUDY_HELPFUL_BOOKS_PRINTED_STUDY_MATERIAL,4949.0,0.17437866235603153,0.3794731100171774,0.0,0.0,0.0,0.0,1.0
STUDY_HELPFUL_GED_READY,4949.0,0.25843604768640127,0.43781912832668934,0.0,0.0,0.0,1.0,1.0
STUDY_HELPFUL_MATERIALS_MOBILE_APP,4949.0,0.04566579106890281,0.20878034936314,0.0,0.0,0.0,0.0,1.0
STUDY_HELPFUL_ONLINE_COURSE_VIDEO_STUDY_MATERIALS,4949.0,0.16407355021216408,0.3703797231142824,0.0,0.0,0.0,0.0,1.0
STUDY_HELPFUL_OTHER,4949.0,0.01737724792887452,0.1306856156161157,0.0,0.0,0.0,0.0,1.0
STUDY_HELPFUL_SOCIAL_NETWORKING_WEBSITE,4949.0,0.02485350575873914,0.1556942745007207,0.0,0.0,0.0,0.0,1.0
STUDY_HELPFUL_TV_STUDY_PROGRAM,4949.0,0.00464740351586179,0.06802014437095402,0.0,0.0,0.0,0.0,1.0
STUDY_LOCATION_TEST_PREPARATION_CENTER,4949.0,0.16589209941402303,0.3720213380795079,0.0,0.0,0.0,0.0,1.0
INDIAN_OR_ALASKAN,4949.0,0.027480299050313194,0.16349475041521166,0.0,0.0,0.0,0.0,1.0
ASIAN,4949.0,0.02263083451202263,0.14873852919682728,0.0,0.0,0.0,0.0,1.0
AFRICAN_AMERICAN,4949.0,0.17134774701959993,0.37685062370705646,0.0,0.0,0.0,0.0,1.0
RACE_DECLINE,4949.0,0.03313800767831885,0.1790149587179221,0.0,0.0,0.0,0.0,1.0
WHITE,4949.0,0.39361487169125076,0.48860049385162374,0.0,0.0,0.0,1.0,1.0
RACE_NONE,4949.0,0.17619721155789048,0.3810263634402757,0.0,0.0,0.0,0.0,1.0
HAWAIIAN_OR_PACIFIC,4949.0,0.006870074762578299,0.08260905368922847,0.0,0.0,0.0,0.0,1.0
CREDENTIAL_DATE_MISSING,4949.0,0.685997171145686,0.4641643955404235,0.0,0.0,1.0,1.0,1.0
