table,column,missing_count,missing_pct
candidate,LAST_YEAR_INCOME,4284,85.68
candidate,CREDENTIAL_DATE,3421,68.42
candidate,PREP_CENTER_STATE,3194,63.88
candidate,PREP_CENTER,3185,63.7
candidate,ENROLLMENT_STATUS,3185,63.7
candidate,SCHOOL_INCOMPLETE_REASON,1066,21.32
candidate,TESTING_REASON,1045,20.9
candidate,GENDER,1036,20.72
candidate,ETHNICITY,1036,20.72
candidate,STUDIED_FOR_GED,1032,20.64
candidate,HIGHEST_GRADE_COMPLETED,1024,20.48
candidate,C_COUNTY,919,18.38
candidate,C_STATE,48,0.96
candidate,ZIP,6,0.12
candidate,ACCOUNT_SETUP_COMPLETE_DATE,0,0.0
candidate,CANDIDATE_ID,0,0.0
candidate,BIRTH_YEAR,0,0.0
candidate,DATE_OF_BIRTH,0,0.0
candidate,C_ADDRESS,0,0.0
candidate,C_CITY,0,0.0
candidate,JURIS_NAME,0,0.0
candidate,STUDY_HELPFUL_ADULT_EDUCATION_CLASS,0,0.0
candidate,STUDY_HELPFUL_ADULT_EDUCATION_TEACHER,0,0.0
candidate,JURIS_POSTAL_CODE,0,0.0
candidate,STUDY_HELPFUL_ONLINE_COURSE_VIDEO_STUDY_MATERIALS,0,0.0
candidate,STUDY_HELPFUL_MATERIALS_MOBILE_APP,0,0.0
candidate,STUDY_HELPFUL_GED_READY,0,0.0
candidate,STUDY_HELPFUL_BOOKS_PRINTED_STUDY_MATERIAL,0,0.0
candidate,STUDY_HELPFUL_AUDIO_STUDY_MATERIALS,0,0.0
candidate,STUDY_HELPFUL_OTHER,0,0.0
candidate,STUDY_HELPFUL_TV_STUDY_PROGRAM,0,0.0
candidate,STUDY_HELPFUL_SOCIAL_NETWORKING_WEBSITE,0,0.0
candidate,RACE_DECLINE,0,0.0
candidate,AFRICAN_AMERICAN,0,0.0
candidate,ASIAN,0,0.0
candidate,INDIAN_OR_ALASKAN,0,0.0
candidate,STUDY_LOCATION_TEST_PREPARATION_CENTER,0,0.0
candidate,HAWAIIAN_OR_PACIFIC,0,0.0
candidate,WHITE,0,0.0
candidate,RACE_NONE,0,0.0
test,FIRST_PASSED,16563,59.51
test,FIRST_COMPLETE,16563,59.51
test,MAKE_PASSED,16563,59.51
test,MAKE_COMPLETE,16563,59.51
test,EXAM_START,1632,5.86
test,RESULT_ID,642,2.31
test,SCORE,642,2.31
test,T_STATE,141,0.51
test,T_POSTAL_CODE,85,0.31
test,T_NAME,12,0.04
test,T_CITY,12,0.04
test,TEST_CENTER_ID,12,0.04
test,T_ADDRESS,12,0.04
test,EXAM_SUBJECT,11,0.04
test,CANDIDATE_ID,0,0.0
test,GED_READY,0,0.0
test,LANGUAGE_CODE,0,0.0
test,ON_VUE,0,0.0
