CANDIDATE_ID,ACCOUNT_SETUP_COMPLETE_DATE,C_ADDRESS,C_CITY,C_STATE,C_COUNTY,DATE_OF_BIRTH,BIRTH_YEAR,GENDER,LAST_YEAR_INCOME,HIGHEST_GRADE_COMPLETED,ZIP,JURIS_NAME,JURIS_POSTAL_CODE,TESTING_REASON,SCHOOL_INCOMPLETE_REASON,STUDIED_FOR_GED,STUDY_HELPFUL_ADULT_EDUCATION_CLASS,STUDY_HELPFUL_ADULT_EDUCATION_TEACHER,STUDY_HELPFUL_AUDIO_STUDY_MATERIALS,STUDY_HELPFUL_BOOKS_PRINTED_STUDY_MATERIAL,STUDY_HELPFUL_GED_READY,STUDY_HELPFUL_MATERIALS_MOBILE_APP,STUDY_HELPFUL_ONLINE_COURSE_VIDEO_STUDY_MATERIALS,STUDY_HELPFUL_OTHER,STUDY_HELPFUL_SOCIAL_NETWORKING_WEBSITE,STUDY_HELPFUL_TV_STUDY_PROGRAM,STUDY_LOCATION_TEST_PREPARATION_CENTER,INDIAN_OR_ALASKAN,ASIAN,AFRICAN_AMERICAN,RACE_DECLINE,WHITE,RACE_NONE,HAWAIIAN_OR_PACIFIC,ETHNICITY,PREP_CENTER,PREP_CENTER_STATE,ENROLLMENT_STATUS,CREDENTIAL_DATE,CREDENTIAL_DATE_MISSING,CANDIDATE_ID_is_outlier,BIRTH_YEAR_is_outlier,STUDIED_FOR_GED_is_outlier,STUDY_HELPFUL_ADULT_EDUCATION_CLASS_is_outlier,STUDY_HELPFUL_ADULT_EDUCATION_TEACHER_is_outlier,STUDY_HELPFUL_AUDIO_STUDY_MATERIALS_is_outlier,STUDY_HELPFUL_BOOKS_PRINTED_STUDY_MATERIAL_is_outlier,STUDY_HELPFUL_GED_READY_is_outlier,STUDY_HELPFUL_MATERIALS_MOBILE_APP_is_outlier,STUDY_HELPFUL_ONLINE_COURSE_VIDEO_STUDY_MATERIALS_is_outlier,STUDY_HELPFUL_OTHER_is_outlier,STUDY_HELPFUL_SOCIAL_NETWORKING_WEBSITE_is_outlier,STUDY_HELPFUL_TV_STUDY_PROGRAM_is_outlier,STUDY_LOCATION_TEST_PREPARATION_CENTER_is_outlier,INDIAN_OR_ALASKAN_is_outlier,ASIAN_is_outlier,AFRICAN_AMERICAN_is_outlier,RACE_DECLINE_is_outlier,WHITE_is_outlier,RACE_NONE_is_outlier,HAWAIIAN_OR_PACIFIC_is_outlier,CREDENTIAL_DATE_MISSING_is_outlier,any_outlier_k3
1085717,2020-04-13 17:23:00,0x014FB394440365C4E7641E5A6A5805653102EB6EC88924760A50C01398FA28E9A31E728BDF1E4C80F2277D692DF3406ABD9BE01F1879420C123E6811C5239B3012426C5C6E3EB8B454D84933B91BDBCC7CB38BFFE2B9D5EABFBB58D987DC881037,Salt Lake City,UT,Salt Lake,0x0153B001F85167E631838612B3500E613D738635968B7323EDD570A1F90A1305F150382618F5FE3E34D42C414585FA8CC813F6C6B9FC672B23E0FEE645249B08DD,1995,MALE,UNDER_5000,C_12,84107,Utah,UT,PERSONAL_GAIN,PERSONAL_AND_ACADEMIC,1,1,1,0,1,0,0,0,0,0,0,0,0,1,0,0,0,0,0,NON_HISPANIC_LATINO,UNKNOWN,UNKNOWN,UNKNOWN,2015-02-13 16:18:00,0,True,False,False,False,False,False,False,False,False,False,False,False,False,False,False,False,False,False,False,False,False,False,True
1088058,2020-04-13 17:23:00,0x01A34E28C33562A188EF1D4BBE7FCB716A5E14643D528CF7E79BDD5ADA9C0D49119F5141CC0CF6FFD612CD19B004E62720885B71F5DE8D4203098FCFA296913CA8F85C1E090C664ED926D26E1A3BC7A99861FC2AE20ADA660CA4F04E809E9528A0,LONDON,OH,Madison,0x014E359A692751CBF4A698F59C1A679286CB8652E20676CF0CD9754921E57CD341228C2EB02E883639ADACBC463ACE199884FAB21532931523E99301F080F834F6,1982,MALE,UNKNOWN,UNKNOWN,43140,Ohio,OH,UNKNOWN,UNKNOWN,1,0,0,0,0,0,0,0,0,0,0,0,0,0,1,0,0,0,0,NON_HISPANIC_LATINO,UNKNOWN,UNKNOWN,UNKNOWN,,1,True,False,False,False,False,False,False,False,False,False,False,False,False,False,False,False,False,False,False,False,False,False,True
1097739,2020-04-13 17:23:00,0x01585A54E249AF304D3CB05D793C5399AF6ACB8117D3CCB6FA4D47BE162B00CFE375871197A3B2D414BA68DDA4FF22690C800B6F04BAE10B57BA7CD873B22860EC67ADB09D8523E289F59EB9C4F35EB18F94DFDF7E9D6E34B08FCA2BF002106260,Somerset,PA,Somerset,0x01A6FE4C0403F89C070FB20172ABB461150E91222C6F4CA6E9658ABEC3E413BE8AEB4CDD2F5ADFF48F958E2E697AF4F20F0BEDAE4B9E44C1D9E252114178428B03,1991,MALE,UNKNOWN,UNKNOWN,15501,Pennsylvania,PA,UNKNOWN,UNKNOWN,1,0,0,0,0,0,0,0,0,0,0,0,0,0,0,0,1,0,0,NON_HISPANIC_LATINO,UNKNOWN,UNKNOWN,UNKNOWN,2018-12-17 18:17:00,0,True,False,False,False,False,False,False,False,False,False,False,False,False,False,False,False,False,False,False,False,False,False,True
1103816,2020-04-13 17:23:00,0x014CD663AE3A098FEC4CFEAD0B04E3AFADB87BB913DB4D8428A7669DB7070267C51B445A4F3A9513E4E39E56C87487EB340DCB4B2337A7EA1BC7734CF8E4E4FC82B6C4D6FE9F72BE2EF690B48F1890DEEA75EEAB71CD1A43C30CFDDD5D4E475D77,Chowchilla,CA,UNKNOWN,0x0159F6773A1A6A6E693E826901496984E6703789A6EEC3E6C3E4A424933296A8F21C9C3E21DB1E328FBC67F3B82504C4A948651685D921DD1823BFDC3E4F19B715,1986,MALE,UNKNOWN,UNKNOWN,93610,California,CA,UNKNOWN,UNKNOWN,1,0,0,0,0,0,0,0,0,0,0,0,0,0,0,0,1,0,0,HISPANIC_LATINO,UNKNOWN,UNKNOWN,UNKNOWN,,1,True,False,False,False,False,False,False,False,False,False,False,False,False,False,False,False,False,False,False,False,False,False,True
1106082,2020-04-13 17:23:00,0x01E69D2873858424EE3796A67F2ACB71282A954D9162D90B27D1D44C3AAC1415602E33802A8DC6F72114E11C91ACE2C2F0EB53F9BCCE81ED5F8D19E954B9CD8359ED8FD76E63EE69566AF7D47BFDD407CE626707124187D637047ACBE1E0C19059,Winton,NC,UNKNOWN,0x013FF895FEA9A0F56D96EEFE740EC71D7817C368AAD6F00C1333CE506670BA2B71F27D149209B58BA84E19908A3C410BC5D076B5D7D41E9C0DDD9E365A7A711EB6,1964,MALE,UNDER_5000,C_11,27986,North Carolina,NC,SPECIAL_REQUIREMENT,PERSONAL,1,1,1,0,1,0,0,0,0,0,0,0,0,0,1,0,0,0,0,NON_HISPANIC_LATINO,UNKNOWN,UNKNOWN,UNKNOWN,2015-08-03 13:20:00,0,True,False,False,False,False,False,False,False,False,False,False,False,False,False,False,False,False,False,False,False,False,False,True
1106743,2020-04-13 17:23:00,0x01CBD86A8D63D21F267DF11296F8DCB54BD67DEEDC75C3864466322CE3EA084BB18FC6C5332492784FC819C23A91760153747414232404927D0ECA1DFCE46B6ECDCFA29E6F625619CD4EE91474B5E77C252DBF0D8FAF3118C986A6C5A32FBE4140,Jessup,MD,Anne Arundel,0x01F23E7E6CD176A418FACB327C845F80AA98F864755C367634EFBFEE5A49FAAFA20CBBA53A06B502B89B9E4E63BAE678D9401B3C77830CD13F72FFD2B208026400,1978,MALE,UNDER_5000,C_10,20794,Maryland,MD,PERSONAL_GAIN,ACADEMIC,1,1,0,0,0,0,0,0,0,0,0,0,0,0,0,1,0,0,0,DECLINE,UNKNOWN,UNKNOWN,UNKNOWN,,1,True,False,False,False,False,False,False,False,False,False,False,False,False,False,False,False,False,False,False,False,False,False,True
1109804,2020-04-13 17:23:00,0x01FBF2677DB4E1585FCC207AC9BCBEF174AA6196CDF2DCCDAFBAD8B1927DEDBDC44273AAAD8919767BA2ABE8D70F749257295470F85D19D1A8D13A47EAAB98F4DD5325401C85E03EE4C0E21675B418A165B9D8243F70DD0B843DE66943B9002042,Sanford,FL,Seminole,0x01AF4E6F47368B5885A9647C2F1ACF65076B0EDDE6FDD149D8751A33BA7E10A159845F5620AFB6676AEB50C18CCC3C6A36FCC2770E59999313FEA8CCAB49E9FE5D,1997,FEMALE,UNDER_5000,C_10,32773,Florida,FL,PERSONAL_GAIN,PERSONAL_AND_ACADEMIC,1,1,1,0,1,0,0,0,0,0,0,0,0,0,1,0,0,0,0,NON_HISPANIC_LATINO,UNKNOWN,UNKNOWN,UNKNOWN,2016-04-22 12:56:00,0,True,False,False,False,False,False,False,False,False,False,False,False,False,False,False,False,False,False,False,False,False,False,True
1114426,2020-04-13 17:23:00,0x019F39E926104F52A08F4897B329C7C2E1BC2F23DA6A2D80EAC8ED0011A30BECD7BFAFD62BB43502A52B177C3314DDDD55861BFDE996ED307AB69C625226231C9221E832CAC20324009FE9AE900585BA065B9EB5735E7F92C71949C5A0B3C58109,St. Clairsville,OH,Belmont,0x01C3FD99229704A29F3224679CCBBA620EE3F1061A30A004048E136491C3F35C40A7345B90FF4C903FF2122426DF8BF6F8DBCFF2D31E6B4764FFCF86CD7F7EEBA4,1992,MALE,UNDER_5000,C_9,43950,Ohio,OH,PERSONAL_GAIN,NEITHER_PERSONAL_NOR_ACADEMIC,1,1,0,0,0,0,0,0,0,0,0,0,0,0,1,0,0,0,0,DECLINE,UNKNOWN,UNKNOWN,UNKNOWN,2021-03-24 16:30:00,0,True,False,False,False,False,False,False,False,False,False,False,False,False,False,False,False,False,False,False,False,False,False,True
1116065,2020-04-13 17:23:00,0x011C42540425DF6694F6ACD82B7627689935F43BA019BB03E4F3182BBB5C9A3EBC5B178DFE341A8D8C2D8402F05FE9B200F57E277133CA40165432D1956A77D166362417636A77DA4A272BF1183235C281D836B171E68467BF51F0F929523F3B73,Mansfield,OH,Richland,0x0111E5B28828624B37104E75CE3A99ADF9258DBABB446D2472B1C6D5DB0EF127FD0CB5AFA223E1FEFCE3A3FF962187A6C66897383EB2442C0CB8D7074DD7C7C8BF,1995,MALE,UNDER_5000,C_9,44901,Ohio,OH,WORK_RELATED,NEITHER_PERSONAL_NOR_ACADEMIC,1,1,1,0,0,1,0,0,0,0,0,0,0,0,1,0,0,0,0,NON_HISPANIC_LATINO,UNKNOWN,UNKNOWN,UNKNOWN,2018-09-07 13:06:00,0,True,False,False,False,False,False,False,False,False,False,False,False,False,False,False,False,False,False,False,False,False,False,True
1124204,2020-04-13 17:23:00,0x01D1B53945E242301DC14650926EDA6303FC548CDBF1D0D3A765C1C23EF2EEBD0E6D5A9656DCF04C34A21A18A90AB2519BBBEEC9D4D47E96773435E6881989CD459D25F81FEB701F850A21FC5F3849F43F9EA9E7428BB5C0BC08A3218354B6859A,Dallas,PA,UNKNOWN,0x01DCB40C6D99CE1CD43BF0E668EFE15FDF9AA80185F1B055C56D663C428B01B7A652B62AAA24AD7961CDF8D9ADABBCE6DBFE451BD4B74E70C8B7F0F69345FE7C90,1954,MALE,UNDER_5000,DONT_REMEMBER,18612,Pennsylvania,PA,WORK_RELATED,ACADEMIC,0,0,0,0,0,0,0,0,0,0,0,0,0,0,0,1,0,0,0,DECLINE,UNKNOWN,UNKNOWN,UNKNOWN,,1,True,False,False,False,False,False,False,False,False,False,False,False,False,False,False,False,False,False,False,False,False,False,True
1125034,2020-04-13 17:23:00,0x0103587926950E47D9C426AD756CB3F9080F567AEC6F491ACFC85592E8A01D83CDF20B8490382A2EB8B2A97DF2B3C3E919357835EF174ECF716245456988E8958BCEA12AB90B6294C195AE6C8587741C8D3FD669708EBE696ADC7DEE2FE0A62B2D,Bellefonte,PA,UNKNOWN,0x0102BF5D53AE634CB478E9BB179BDFAC658ACC3EE9FEC55BF993FA81CCB80C841984782CD9C239EFE228C292AF190A0D5EEA395A06EEF7653311A7476CD03469FD,1988,MALE,UNKNOWN,UNKNOWN,16823,Pennsylvania,PA,UNKNOWN,UNKNOWN,1,0,0,0,0,0,0,0,0,0,0,0,0,0,0,0,1,0,0,NON_HISPANIC_LATINO,UNKNOWN,UNKNOWN,UNKNOWN,,1,True,False,False,False,False,False,False,False,False,False,False,False,False,False,False,False,False,False,False,False,False,False,True
1132039,2020-04-13 17:23:00,0x01519C3B2802102ED2F1889BD01DE246DC79BCCDA2350C85828C85D78A40A71D74816C88486E6C8CE39B5FB50CAF3BC37D568C4CA510E992AAD8C7077952593E4F0A761E672732450BB345FCA145229721B587BC64BC04D2861CE84A16D5641ACA,Big Stone Gap,VA,Wise,0x01458E42D8EB2F8F9EA9C365FE4DA0EF9ADDE357E90620B0B8A04AF8960E2D15BABB499B96AEBD50C748E9004A9D920A9C96C3C3079052CA1699E0E6C1E9C62359,1985,MALE,UNDER_5000,C_11,24219,Virginia,VA,SPECIAL_REQUIREMENT,PERSONAL,1,1,1,0,0,0,0,0,0,0,0,0,0,0,1,0,0,0,0,NON_HISPANIC_LATINO,UNKNOWN,UNKNOWN,UNKNOWN,,1,True,False,False,False,False,False,False,False,False,False,False,False,False,False,False,False,False,False,False,False,False,False,True
1132079,2020-04-13 17:23:00,0x0144066715B102E1AD7AF6143D759791913430396A7B59A595D079C28DA36636C387208D4BA696D17C74DD22C08BA80FD84AA6FD74146D64503BF96EB7ED3EDAB40757845D36E3DF74ACD65B8C393AEA0C6D69F1A689C5DC8356808947055318AA,Safford,AZ,Graham,0x01BA83FFC35CA3322503AAD2F5364C3B9F5958FE32900084DCBD6AD53A99E4CD03A4C4488FF80A6F6FCA360C094DDC0274D67BD7D46061B12F9B6E8EB2106ABCE3,1993,MALE,UNKNOWN,UNKNOWN,85548,Federal Bureau of Prisons,FBOP,UNKNOWN,UNKNOWN,1,0,0,0,0,0,0,0,0,0,0,0,0,0,0,1,0,0,0,DECLINE,UNKNOWN,UNKNOWN,UNKNOWN,,1,True,False,False,False,False,False,False,False,False,False,False,False,False,False,False,False,False,False,False,False,False,False,True
1142762,2020-04-13 17:23:00,0x0114F27FFEDCFB1D582A52CF21B3D88136764A2E8591E06E5CBE68B18A429CD13D92693B4265D2BCEABE32580DAB1BB02477B249C3F6B652494199A20D29912117F86735F7F075F87BFBAB519F6DEC32274FC97F7A3386C1B54E9D3B011F1B10D9,Cambridge Springs,PA,UNKNOWN,0x019C9E58E6825AAD1E24C297F595E3B8725AD3DC362533B6F97A94D0133CE567602E72F232768E3795DA5B2EE7794C7047775F5FC98FA0E58827A5DDB5C2E4121B,1977,FEMALE,UNKNOWN,UNKNOWN,16403,Pennsylvania,PA,UNKNOWN,UNKNOWN,1,0,0,0,0,0,0,0,0,0,0,0,0,0,1,0,0,0,0,NON_HISPANIC_LATINO,UNKNOWN,UNKNOWN,UNKNOWN,,1,True,False,False,False,False,False,False,False,False,False,False,False,False,False,False,False,False,False,False,False,False,False,True
1146984,2020-04-13 17:23:00,0x0121076214206A8AA77942F564C9D61655DD11C21AC3EDB85683EBD24FDDB852AF8EF06E50CB60537ACA46AB0E8CD36EEEC5CEE81D18BD73575B1145557C326CCF59C23E0DB0EB293F9C272A66D479AAFDD8AE774D0985F95FE9687B47F8947051,Chesapeake,VA,Chesapeake City,0x01ABB14B71126E535C30B9809C744E4D37FAB5863A56CF90872CF965777D3324C23A9D54CC02A68DCF98AE4BDB66EC69547EF49F7F49A60E06F22F8ED83476DCE9,1981,MALE,UNDER_5000,C_11,23328,Virginia,VA,EDUCATIONAL_GAIN,PERSONAL_AND_ACADEMIC,1,1,1,0,1,0,0,0,0,0,0,0,0,0,1,0,0,0,0,NON_HISPANIC_LATINO,UNKNOWN,UNKNOWN,UNKNOWN,,1,True,False,False,False,False,False,False,False,False,False,False,False,False,False,False,False,False,False,False,False,False,False,True
1147441,2020-04-13 17:23:00,0x0160E5018527D9D5FDD2DF8E6B44373B0E508DF531B8643EFE9F01334470F270F175CB2F53BA5CE0A480756B2CF3579AFA89770625D0967D350F96FED003605D37293000BDC6531EAB285381E7C485F3FF2222C2EB00828981F47149C03B17D43E,Tehachapi,CA,Kern,0x01076BE5B9A5C492B21ED53C2878FB14F63DA700DF290162BAF996B6F152A6F33BE9EFAE50CE6AF2409F3F61570BEC24AC3C5BC484148C386A2D6A35A3F8189B61,1995,MALE,UNDER_5000,C_12,93581,California,CA,PERSONAL_GAIN,PERSONAL,1,1,1,0,0,0,0,1,0,0,0,0,0,0,0,0,1,0,0,HISPANIC_LATINO,UNKNOWN,UNKNOWN,UNKNOWN,2015-02-26 17:07:00,0,True,False,False,False,False,False,False,False,False,False,False,False,False,False,False,False,False,False,False,False,False,False,True
1154361,2020-04-13 17:23:00,0x019D4994016C999E376807EC9C9CDCF07938C19630F88A593C0E5234F9A691E4B940A48235A9647571C560A663DDD69D38E3EE2DB8D14B76EA1B88D9C30D9407AA2C60DDA1EB3DEFB9F47232A03BEBF230ADE47772C2ED02A1B4D7A713D26289B9,Lebanon,OH,UNKNOWN,0x01295DEB554360CF941CB0255BA3648E6C01482E5E2D631D62A6987967C5AB24E15FC62D012BAB378478103A2D6A4064565F3076130E7FC0ED8F74372ADD41007B,1992,MALE,UNDER_5000,C_6_8,45036,Ohio,OH,PERSONAL_GAIN,PERSONAL,1,1,1,0,1,0,0,0,0,0,0,0,0,0,0,1,0,0,0,DECLINE,UNKNOWN,UNKNOWN,UNKNOWN,2015-02-25 14:38:00,0,True,False,False,False,False,False,False,False,False,False,False,False,False,False,False,False,False,False,False,False,False,False,True
1154957,2020-04-13 17:23:00,0x013E90521314CDFB170CE4B2143A9826502A342D55B0CBF69CCE5F9A12E620B4CFC6CC4D479E0F2ED10F7D71D25CAEDB081815E3DEB025970AA56246D187A7A1184EF1B2EFC0B4419FD8AAAE21670202CCC81ED30716A95DA9058D7B90D74846F4,Naselle,WA,Pacific,0x0173A36C678E0F6B8F9ED5C87EDAB84CB0D7B4FA9B7E96307A60DC4D9CE7D040C89D792744540521F4BA8E2635D4C142E7E3DD744C5C35E6F755F86CCDAEA01590,1996,MALE,UNDER_5000,C_11,98638,Washington,WA,PERSONAL_GAIN,PERSONAL_AND_ACADEMIC,1,1,1,0,0,0,0,0,0,0,0,0,0,0,0,0,1,0,0,HISPANIC_LATINO,UNKNOWN,UNKNOWN,UNKNOWN,2015-02-24 21:11:00,0,True,False,False,False,False,False,False,False,False,False,False,False,False,False,False,False,False,False,False,False,False,False,True
1164540,2020-04-13 17:23:00,0x014897FBFADA92092B5BA325A23835E40471070A15E20251839D1ADDB513143894AA99F380458ABEF4779AC5F47D25DF8EC10CABE029F6C6EB0237207C4046E74F5A67DE8EA86AAE557F6EF90AE3528673F7261076EF8AAA2852380E238D17971A,Juneau,AK,Juneau,0x014283B4CFC70801861E264B443F21A0A38DE88E51990F29CB53C24E18F0D289FF41EA1D057766E7AABBD3633608FDC43AF2AE759922F23231530B9E93992AD188,1982,MALE,UNKNOWN,UNKNOWN,99801,Alaska,AK,UNKNOWN,UNKNOWN,1,0,0,0,0,0,0,0,0,0,0,0,1,0,0,0,0,0,0,NON_HISPANIC_LATINO,UNKNOWN,UNKNOWN,UNKNOWN,2015-04-24 16:19:00,0,True,False,False,False,False,False,False,False,False,False,False,False,False,False,False,False,False,False,False,False,False,False,True
1172442,2020-04-13 17:23:00,0x01395F073B5D834F2CA65D5CF1E7FA2010D1EAFE3097C3D7A3A9C9C31922648CE6B6B5B946381E3A38BF8AA1D2B120B757807CB3B101F2E5CD056CB695E594D67FED63B6FCFEAE6970571370843E9B72C8D861897017F952909877495528388D94,Elk Grove,CA,Sacramento,0x0164E2B56F1396E7A560BF45B4B045EF065B3211353B284F04BC5F14592C566A64BD587BF0354039EE2DA97E3EDD01081B5917A1DE4A3E6E75BBB25AD6188A7D25,1990,MALE,UNDER_5000,C_10,95757,California,CA,WORK_RELATED,PERSONAL,1,1,1,0,1,0,0,0,0,0,0,0,0,0,1,0,0,0,0,NON_HISPANIC_LATINO,UNKNOWN,UNKNOWN,UNKNOWN,,1,True,False,False,False,False,False,False,False,False,False,False,False,False,False,False,False,False,False,False,False,False,False,True
1174346,2020-04-13 17:23:00,0x015C064D96C161C9B23AA62BEF035BD1F78D9A24616C6D37F44DACE67D710A0D5F3145348118A61FE3BEE30AC12BACCA0B6BE5FCEF8BA410C4519DD3A0F50FAD423BA2BF452AE945B3B53E23C8C791503727969D83B3FFE68EF208FB33A0B83A66,Hutchinson,KS,Reno,0x0198FD974DF2246F83D3B7B92F56FBF6026E07B88D6A06E08367660EC916E5C4FD90312AEED111510B097B6E76D924DF3C6972FBEC8883634BCBA5C445C48F9292,1985,MALE,UNDER_5000,DONT_REMEMBER,67504,Kansas,KS,PERSONAL_GAIN,NEITHER_PERSONAL_NOR_ACADEMIC,1,1,1,0,1,0,0,0,0,0,0,1,0,0,0,1,0,0,0,DECLINE,UNKNOWN,UNKNOWN,UNKNOWN,2018-12-12 17:03:00,0,True,False,False,False,False,False,False,False,False,False,False,False,False,False,False,False,False,False,False,False,False,False,True
1182785,2020-04-13 17:23:00,0x0144C8004F0258E5E8FB6BE284F89272788D8C3FBC2EB0A213AF4472B41F992C31BC8E1C7F498D758F94E8C2C472CFC4D282318C2B2014FAB275117684C740184DADD9DE52F5DEAABAFA8E7C32A1FE3F5D236BB7DB64CE98DB0B6267CA54426663,TRION,GA,Chattooga,0x0152EC80082AA8D7DFD85AFB9FD3858492B8255DE6638981F7FBB397C5E69C6E5C7DC170BBF33E00435C6E01820DFAE190CE42DCFB153FFCBDE2EF543B3F62C8F8,1989,MALE,UNDER_5000,C_11,30753,Georgia,GA,EDUCATIONAL_GAIN,PERSONAL,1,1,1,0,1,0,0,0,0,0,0,0,0,0,1,0,0,0,0,NON_HISPANIC_LATINO,UNKNOWN,UNKNOWN,UNKNOWN,2015-05-13 00:00:00,0,True,False,False,False,False,False,False,False,False,False,False,False,False,False,False,False,False,False,False,False,False,False,True
1182886,2020-04-13 17:23:00,0x01B53E1D445278A2A6FECC6CBD1ACB3F942F347C1B4391F58E34C3E9F32841C232D87BA5D844D9241261FD43C3E406DDD4DE74038AA788618655DE9FBDEA4A786446322766497A5388A8A092AFB44D9EF63F823A81657B5CC854DDE2201A0B6B1B,Monroe,WA,Snohomish,0x01170EC5D096E6B56FFF24C53801F825273B74487440FF3D4C6E7AF0F75C3396ED52D3EFEE53AF1CEDA54F304D8218F0F2EA0ADFFB112D44C7F1A67E1F77ABC274,1996,MALE,UNDER_5000,DONT_REMEMBER,98272,Washington,WA,SPECIAL_REQUIREMENT,PERSONAL_AND_ACADEMIC,1,1,0,0,0,0,0,0,0,0,0,0,0,0,0,1,0,0,0,DECLINE,UNKNOWN,UNKNOWN,UNKNOWN,2019-05-08 14:33:00,0,True,False,False,False,False,False,False,False,False,False,False,False,False,False,False,False,False,False,False,False,False,False,True
1186160,2020-04-13 17:23:00,0x014FD43A993BA237B9F223521405BC925C352E14F0932084DC1C7E55480C63CA20C593D75C6D193BA933C3D22401CEC1B8819537B998CDE75E81449F3C824195B617C8631E82CCE3E6717E2EBCCEDC5DD64DB4A42CBC3255D2AAD5627C95F99D91,Saint Pete,FL,Pinellas,0x0171CFDC2A1BD687F030ED6B0F433085C396C3EDA5D732F75F97AF8A41C2ED1917EA85CB3A3323742E229299A62F8C6C2CFA3A58B01DE73F8BAE961FAE43352DC5,1984,MALE,UNKNOWN,UNKNOWN,33711,Florida,FL,UNKNOWN,UNKNOWN,1,0,0,0,0,0,0,0,0,0,0,0,0,0,0,0,1,0,0,NON_HISPANIC_LATINO,UNKNOWN,UNKNOWN,UNKNOWN,2016-03-23 00:00:00,0,True,False,False,False,False,False,False,False,False,False,False,False,False,False,False,False,False,False,False,False,False,False,True
1186425,2020-04-13 17:23:00,0x01D9C50E99E34674C8E66DC4F2D15640BD4A94A4E6591CAA253163D6044EAF2474535197AA55D418EDE1E3DD2D7B8856C5932BFB685F0C8C38263A19CE08426B20AAF5CA277E5389DC8B0BA79AA77E73DA5499C44FAEF143B1FC8D2711ECF01F1B,Lansing,MI,Ingham,0x01AB3CC8DDD450DF2EA2677AB474A63278C880C3B1B6EC1CC0C75790C0F6E7FEEBEBF9D38939048AEB1B729C4D5B5C4646D86216F39CAFA2E2EBC455EACE0BD64E,1996,MALE,UNDER_5000,DONT_REMEMBER,48933,Michigan Prisons,MIP,SPECIAL_REQUIREMENT,PERSONAL_AND_ACADEMIC,1,1,1,0,0,0,0,0,0,0,0,0,0,0,1,0,0,0,0,DECLINE,UNKNOWN,UNKNOWN,UNKNOWN,2018-07-19 11:24:00,0,True,False,False,False,False,False,False,False,False,False,False,False,False,False,False,False,False,False,False,False,False,False,True
1187088,2020-04-13 17:23:00,0x0185E3D1FA40B1DFE21507ED27C1F07D76BC1900C654DC6943AF593528FCFD5BAEFC0CBEEF70A05B0B96D5D3726F91FC5E361B47BD0F10A06F9C3CE272956721651E5F29E95EAB41985624602C612A7D69A54A4259218874452647682211C2032F,Plymouth,MN,UNKNOWN,0x01E88ED3AA529D9095D90E4E9BDB810DED98B150B9DE132DF15BFC4C62C7E416271990009CB617AEDE09A81AF213DAFB27EC4B76BEF5D69BF8349F9B01893E6B75,1984,MALE,UNDER_5000,C_10,55447,Minnesota,MN,PERSONAL_GAIN,PERSONAL,1,0,0,0,1,0,0,0,0,0,0,0,0,0,1,0,0,0,0,DECLINE,UNKNOWN,UNKNOWN,UNKNOWN,,1,True,False,False,False,False,False,False,False,False,False,False,False,False,False,False,False,False,False,False,False,False,False,True
1195546,2020-04-13 17:23:00,0x01839689A3C08F34FF59BCD1169342FAB0BC50A46F57DCC928E4FC89006ABD5D0AFB5D8FFB9C2BC30B6E147AEB541BBE5A7ECCA3F18B8D5A310E8BE893582C0F9698427860F9024E5AEBFFA5BB313AE6D28D70D5177682475EBCF5F5CF4AFD09C8,Little Rock,AR,Pulaski,0x011433BF35B261B508B86F7C330B7571F1545C66B10CF03926EF29E1F5025FEC79B08A9EAE63D7DC6ABA8ED00E12BFD7D6EB92948870C89C7213C37A214436E31A,1987,FEMALE,UNKNOWN,UNKNOWN,72209,Arkansas,AR,UNKNOWN,UNKNOWN,1,0,0,0,0,0,0,0,0,0,0,0,0,0,0,0,1,0,0,NON_HISPANIC_LATINO,UNKNOWN,UNKNOWN,UNKNOWN,,1,True,False,False,False,False,False,False,False,False,False,False,False,False,False,False,False,False,False,False,False,False,False,True
1196483,2020-04-13 17:23:00,0x01D015741553CBDC577D07A2AE9223825F5FE435396B1DD3482858B46F637DBFAAA9E9386C7F9210664E8BEA3EC7B580FBD1F1F46DEE423A9ED643027F5373E7071DDB0E33D1FF264538578730565F1EA60D8134B665641AA354A22E13C2FD5778,Anchorage,AK,Anchorage,0x0151B2B080C6CE44E8C6E9A3476ECF5D45DF06909E9743497794F9608901AAE83C231445785E78119DBAAB21B339986D521E46EBD9DA563D909A385135752D81C4,1985,FEMALE,UNDER_5000,C_10,99501,Alaska,AK,PERSONAL_GAIN,PERSONAL,1,0,0,0,1,0,0,0,0,0,0,0,1,0,0,0,0,0,0,NON_HISPANIC_LATINO,UNKNOWN,UNKNOWN,UNKNOWN,,1,True,False,False,False,False,False,False,False,False,False,False,False,False,False,False,False,False,False,False,False,False,False,True
1199477,2020-04-13 17:23:00,0x018F8306B6100D3322967A912873BC7719158D8D8B3D6DAF5EAC834A6A17DE1FFA7840897497345ACCADE35C77FBFDE566AFC90EAF66FEACCC6585C8B9CDDA5286BA365B8987DC45039A83E3E8F705E2FC8A2D16AB37B0280D361B8CAF06D18305,Pine Bluff,AR,Jefferson,0x014A80E07E01110D997B509F76E0FC34FEC0DE208C3F84D72A6BA14412F2143C516B3186721ED665D0FC808B005099511399A303D3EE59986DE73BEEDAB1ABE5B2,1990,MALE,UNDER_5000,C_9,71603,Arkansas,AR,EDUCATIONAL_GAIN,PERSONAL,1,0,1,0,0,0,0,0,0,0,0,0,0,0,1,0,0,0,0,NON_HISPANIC_LATINO,UNKNOWN,UNKNOWN,UNKNOWN,,1,True,False,False,False,False,False,False,False,False,False,False,False,False,False,False,False,False,False,False,False,False,False,True
1214602,2020-04-13 17:23:00,0x01533AE8621069BF745D07D40C4D5A1BC0A439FA0A609A959790A8E5FCC35749863E1E39E22F653D4603F9D0B0DF497065A4BDC8418B96FB66F5FBF5F6F4B4ECFBF6925AE040334F5D5DB1250F694CC614027D1AA434191913331149B550D424AF,Hillsboro,OR,UNKNOWN,0x01050D565B68ABD43D29FBA3B46C8A42AB30D71F9501897ADB8FC3436B11AD5D49794F2BDD28AD4BC42208F89522AA2C88B806718C173F5ECDF431725F916E05D1,1994,MALE,R_5000_9999,C_11,97123,Oregon,OR,WORK_RELATED,PERSONAL_AND_ACADEMIC,1,1,1,0,1,0,0,0,0,0,0,1,0,0,1,0,0,0,0,NON_HISPANIC_LATINO,UNKNOWN,UNKNOWN,UNKNOWN,,1,True,False,False,False,False,False,False,False,False,False,False,False,False,False,False,False,False,False,False,False,False,False,True
1217913,2020-04-13 17:23:00,0x0106F7DC5D6E412B2369E0D19B02C55224A15D392907FECFBC4B25E9EF7B209B6838961D4ED9597E533EFB7F030524F79002F4A9DF776F9E93130816894DD4584DBAF5EB4E39F4921D86E70C139E4D184EBCAE2B34FDBBAC9EB791BCAACEECCDBB,California City,CA,UNKNOWN,0x015DF400667FC46FA6CD7B3870D92E972AF47E890A11D04CCB0E232600F6B04160DC9137C6941E905CF1976F13E5A84E556E99867E010462FE217D600EA1F58C2F,1969,MALE,UNDER_5000,C_10,93504,California,CA,WORK_RELATED,ACADEMIC,1,0,1,0,1,0,0,0,0,0,0,0,0,0,1,0,0,0,0,NON_HISPANIC_LATINO,UNKNOWN,UNKNOWN,UNKNOWN,,1,True,False,False,False,False,False,False,False,False,False,False,False,False,False,False,False,False,False,False,False,False,False,True
1218049,2020-04-13 17:23:00,0x0184AB4FB30A840E4F1BE1B8B632554905220DBEE033DBD2BABC30CDC902287AD2E92AC4663500ACF01A6014B2C61462DA8B6F6B2493D4B1F22AE8250094707694C2D9C0DF7C745ECDF4C7248022520FB6576E131682E12E7C79E146D27C723394,Hobbs,NM,UNKNOWN,0x01E7CB317DDA1ED6A64F77B2B6FEB019F304391D757F19A73B0C64DF995371E46EE32E10A58CE1176CFB1AAFBB8D499EF38E01D4F0D108EBAD9728C53512EDA29E,1987,MALE,UNDER_5000,C_12,88240,New Mexico,NM,PERSONAL_GAIN,PERSONAL_AND_ACADEMIC,1,0,0,0,1,0,0,0,0,0,0,0,0,0,0,0,0,1,0,HISPANIC_LATINO,UNKNOWN,UNKNOWN,UNKNOWN,2016-08-10 19:46:00,0,True,False,False,False,False,False,False,False,False,False,False,False,False,False,False,False,False,False,False,False,False,False,True
1219833,2020-04-13 17:23:00,0x0142440C56DD90B51DA16DA3C632A4ACA06EB1E3075F10CDBDA4819149874C5FA0235028A74397DDAEED4E8A4D9DF8EBFB24AE43E3F9DBB1AAF919351F6A1CCFF16F92CC9538B3CB86B091322D399FF96F8EBC644AB7C58DBF5CB03C594ACB0EED,Blythe,CA,UNKNOWN,0x0101AB5977A9AE486990435B5FA682BDA913589D688B12CB88429DFCC1C5406F75517DC4EDD59813673C9934EA627DD96D0A3E6104A624C8958D9CEAC203B13B97,1975,MALE,UNDER_5000,C_10,92225,California,CA,PERSONAL_GAIN,PERSONAL,1,1,1,0,1,0,0,0,0,0,0,0,0,0,1,0,0,0,0,NON_HISPANIC_LATINO,UNKNOWN,UNKNOWN,UNKNOWN,,1,True,False,False,False,False,False,False,False,False,False,False,False,False,False,False,False,False,False,False,False,False,False,True
1219856,2020-04-13 17:23:00,0x01BCB21E3BC7F1F0BF38944A9F39E88F997E147198CA20A4694E97B46BA2A2841DF893ADE60DC873EF23E8E2E35A105E3C37FBBBAFD337F2C93009AF69D481DA5CED4A05081DC6C92E69B923B045B7088C1690BD1D9A1E276FE12DB32E283104BF,Blythe,CA,San Diego,0x01AB6B4DD2D3E91C46F9C39D2B9859BBD45AA175FEC273B95EC2B486EDED2702406F76BDA374251BF3D1C0EBBEF450BB35DACB3B95A44F50217AB8BFEDFF73EC93,1987,MALE,UNDER_5000,C_6_8,92225,California,CA,PERSONAL_GAIN,PERSONAL,1,1,1,0,1,0,0,0,0,0,0,0,0,0,0,0,1,0,0,HISPANIC_LATINO,UNKNOWN,UNKNOWN,UNKNOWN,2020-10-22 14:28:00,0,True,False,False,False,False,False,False,False,False,False,False,False,False,False,False,False,False,False,False,False,False,False,True
1221362,2020-04-13 17:23:00,0x01322B0EE74D6AEE635809B0D59228874BBFECACDBECA1FA1C4EB9871D9FAB5663C93F07A8F52AB1BC31690B218BAF407F8D383B1E2C0A801DB1396663D1E7236E37E6785A8DF6A624A0E915584449A03BD5F4D0389903BDDF06C06D97BCE40E97,Lansing,MI,UNKNOWN,0x01EF5FFCF59CA5580D7542AEE662185997930AA6F07129183577D766DCDE3A2986AAD84B873A8B2F5FC5F23CAB3FFE0CB7EA3255536E64F79AFF87B6ED3B330C89,1981,MALE,UNKNOWN,UNKNOWN,48909,Michigan Prisons,MIP,UNKNOWN,UNKNOWN,1,0,0,0,0,0,0,0,0,0,0,0,0,0,0,1,0,0,0,DECLINE,UNKNOWN,UNKNOWN,UNKNOWN,,1,True,False,False,False,False,False,False,False,False,False,False,False,False,False,False,False,False,False,False,False,False,False,True
1221711,2020-04-13 17:23:00,0x0168C3EF26AA4DEAD2094432ACC64B9BEC16BA903E35F98C68669C1A731B23BBD394F0F1DE5BA199CEDC093D783A37096D06C12AE42C0ED21C47F98A149FDBCE4B45A7D48289EC5EF43E962B41A46A28D397054721AE739FD2E44FD4A2E400BC1E,Rome,GA,UNKNOWN,0x01B1097322588C12C26B7D78A65F898C4F97677F261931396C100B31BF639F118C0E5FC7B13E27F708063AD81D1BDACC9C3514EFE821342C2318DCA2D96FDDEF33,1987,MALE,UNKNOWN,UNKNOWN,30161,Georgia,GA,UNKNOWN,UNKNOWN,1,0,0,0,0,0,0,0,0,0,0,0,0,0,0,0,1,0,0,NON_HISPANIC_LATINO,UNKNOWN,UNKNOWN,UNKNOWN,,1,True,False,False,False,False,False,False,False,False,False,False,False,False,False,False,False,False,False,False,False,False,False,True
1237648,2020-04-13 17:23:00,0x01B4F34065DAF2CE4B5CF3CF32062BB33BE28DACCBCB0F28C6F421EAB1DD4BF7FE0646BABD7D77F40E04E95B19BFA2D8915AC70A37CE1412620661619B48B5C1BF73A2323137BE3FBB913D64FAF50E94ECB710ED8DB4658977208337F4F06052AB,Hagerstown,MD,Washington,0x01F0095668256595B09E752BA2305A305C9C9DCBC22A5EAD13A4DFF8B2A70812657A19287438CADEF88E6BB04A9BB326966F12D0D6115777359BCCD5D2A0094CB4,1989,MALE,UNDER_5000,C_10,21746,Maryland,MD,EDUCATIONAL_GAIN,PERSONAL,1,0,0,0,1,0,0,0,0,0,0,0,0,0,1,0,0,0,0,DECLINE,UNKNOWN,UNKNOWN,UNKNOWN,2019-12-18 13:39:00,0,True,False,False,False,False,False,False,False,False,False,False,False,False,False,False,False,False,False,False,False,False,False,True
1238226,2020-04-13 17:23:00,0x0127ED213ACE7E603CA670A9D249BCE8DFE39EBBAF5480DDAC8E342E6F08B340B40ED7E31E9C4B99427CFC8B610BE329755F09F45010A513174B42A37668AA6298A40CA472EA1297E790C602123CF7CCC25C5FDFF4E3ECB6D18138C068037FE9A1,Ormand Beach,FL,UNKNOWN,0x01A6FE4C0403F89C070FB20172ABB461150E91222C6F4CA6E9658ABEC3E413BE8AEB4CDD2F5ADFF48F958E2E697AF4F20F0BEDAE4B9E44C1D9E252114178428B03,1991,MALE,R_10000_19999,C_11,32174,Florida,FL,PERSONAL_GAIN,PERSONAL,1,0,0,0,1,0,0,0,0,0,0,0,0,0,0,0,1,0,0,NON_HISPANIC_LATINO,UNKNOWN,UNKNOWN,UNKNOWN,2015-12-02 00:00:00,0,True,False,False,False,False,False,False,False,False,False,False,False,False,False,False,False,False,False,False,False,False,False,True
1241501,2020-04-13 17:23:00,0x01EF5A0707CEB395515CD12690A780D65B91CCBA22F5091F92EFAE2C8F26D4DDD54773C8C05FA8829601AE9BD08592B82067601185FE90232EC4F5B420A9EB0C1F3E2C7BB4D4D636CA4505B211F433D7E671F9A293BB11E347783CC340C3476FB0,Peoria,IL,UNKNOWN,0x0172A979FB60051F72AA4B81E8CA218219D7D9BB8AF52A222CF1700A651DD74739994CC9BCB19D3C0F343CBD0A001E497269D2503C2FA52D1E8517D7FC68736574,1982,MALE,UNKNOWN,UNKNOWN,61604,Illinois,IL,UNKNOWN,UNKNOWN,1,0,0,0,0,0,0,0,0,0,0,0,0,0,1,0,0,0,0,NON_HISPANIC_LATINO,UNKNOWN,UNKNOWN,UNKNOWN,,1,True,False,False,False,False,False,False,False,False,False,False,False,False,False,False,False,False,False,False,False,False,False,True
1246934,2020-04-13 17:23:00,0x0169F107A8E0DC1E4AAC1A42643DE8A62D500FEB05C45854338502269E874F9C43131EEE2F18F480FBC7AEDB18050E05CF14ABAE07D9BCA3487F3882222C7C7D8AFC39411805A713DB76F4B62AD43EAAFD9F4E3D81C2DA8FD683A1AB37032B2664,Thornton,PA,UNKNOWN,0x013575B71CE89ED86418D66B74AE63471DD4B94976E8E2AEBD930E1C7213390757815191BD4272B7C5858D1877DBCF0AE44C2D91D72DDD438A41EAC607C4011DCF,1985,MALE,UNKNOWN,UNKNOWN,19373,Pennsylvania,PA,UNKNOWN,UNKNOWN,1,0,0,0,0,0,0,0,0,0,0,0,0,0,1,0,0,0,0,NON_HISPANIC_LATINO,UNKNOWN,UNKNOWN,UNKNOWN,,1,True,False,False,False,False,False,False,False,False,False,False,False,False,False,False,False,False,False,False,False,False,False,True
1248153,2020-04-13 17:23:00,0x014EE38D9FF432EB3D50B8867D5E5C58295F0F8FA4E8FFC18197CBCD2C7D0F4AB62AC39A90D85AA8FAC62286D9F93DFF019FFA23901D2413B7B1961D7F6FE1578CC23F975D2E6D7514FF6D688D605DED8A39309EA1FB4AFAB0E552F9A5BDE094A6,Pearl,MS,Rankin,0x019B506045C9B72E2A46F3880C6F9935A2707077E9D87253851FE5312B5F7FE53E97532C498BB9383ECD78B6D9E658F8FAEC4D5F8E1EB85615F83C0C30845BA54D,1984,FEMALE,UNDER_5000,C_12,39208,Mississippi,MS,SPECIAL_REQUIREMENT,NEITHER_PERSONAL_NOR_ACADEMIC,0,0,0,0,0,0,0,0,0,0,0,0,0,0,1,0,0,0,0,NON_HISPANIC_LATINO,UNKNOWN,UNKNOWN,UNKNOWN,2016-06-01 13:55:00,0,True,False,False,False,False,False,False,False,False,False,False,False,False,False,False,False,False,False,False,False,False,False,True
1258213,2020-04-13 17:23:00,0x012BB36380D05A41A9DD8710E3D38367DCEBC7B8BF970C098FD6BD593AE8004C78D73B10C5D3B73E76D308E341B28B1880200985F99BF6CF3E1FB4291A91CA497A3A9D272AACD55278990473DC3F83D4F27994AB17070137070F6A4B51D2797D4D,Chillicothe,OH,UNKNOWN,0x01352DAC1D051A9DDB0F6B558512F9E15625DC3776DE1FF7D3F19A507ACFD239B167207A9B982D57231887F2062EA6428162B4A1FD597E0C633027B5BAAAF4FC8D,1980,MALE,UNDER_5000,C_9,45601,Ohio,OH,PERSONAL_GAIN,PERSONAL,1,0,1,0,0,0,0,0,0,0,0,0,1,0,0,0,0,0,0,NON_HISPANIC_LATINO,UNKNOWN,UNKNOWN,UNKNOWN,,1,True,False,False,False,False,False,False,False,False,False,False,False,False,False,False,False,False,False,False,False,False,False,True
1258625,2020-04-13 17:23:00,0x018F115E123B2414EE65CB515F8EA2ADD95F40AF62832517CE6EF155284C6612EDDA21F267CEEFC23A3B5B6CC8CB5BD418E64155C1712EAD6D766AD9C4D8D1DF03339D0320B47FB26104FF603845E48F4FED91CCD9B8DCB536CCF69EDEF4E537D7,Colorado Springs,CO,El Paso,0x01AE849B301E30B865ACFA2B33084F0874C3631A1D150B0535FAEE6897BCA680A542A79512DC5A67E53BFA1D9BC287A3A70D38F52CF6F24C2223C3EB58FF8B64EF,1972,MALE,UNDER_5000,C_PRE_5,80906,Colorado,CO,SPECIAL_REQUIREMENT,NEITHER_PERSONAL_NOR_ACADEMIC,1,1,0,0,0,0,0,0,0,0,0,0,0,0,0,1,0,0,0,HISPANIC_LATINO,UNKNOWN,UNKNOWN,UNKNOWN,,1,True,False,False,False,False,False,False,False,False,False,False,False,False,False,False,False,False,False,False,False,False,False,True
1259303,2020-04-13 17:23:00,0x01FCA92EAF21EF4F132E937B86AA5780EDDECFDF3FE434A4E0B6207B4CBFEEB6E9AB608EBD86478525DE38A893228106FBADEC96DE6512C5F1FBAE5F2817B7D11BA4A186387C926647E42B938D63FFF1007AE508CE3FB513599B73D4726F0D85F1,Connell,WA,Franklin,0x0110465BBE37CB55B262BFB882E9C76E6668877ED48964949FA1C2295EA9969670CC173E218A95759FD4E0C4913BE1F1960FF9363497C68BCA9F6E0D034EB07370,1969,MALE,R_5000_9999,C_10,99326,Washington,WA,SPECIAL_REQUIREMENT,ACADEMIC,1,1,0,0,0,0,0,0,0,0,0,0,0,0,0,0,1,0,0,NON_HISPANIC_LATINO,UNKNOWN,UNKNOWN,UNKNOWN,2016-10-26 19:37:00,0,True,False,False,False,False,False,False,False,False,False,False,False,False,False,False,False,False,False,False,False,False,False,True
1266792,2020-04-13 17:23:00,0x013302CDFC5AB3707426B080899F4AFBADAAD4C2AAE5EDD7964D61AAD07E598424375375C77FAD9BED5D97D64929475F077210A45228BB29935348FE90EA91EBE5FA5905DFA83A41E84BF91AA10E339F7D4C15ADD2E658B6B246BF8624BC438822,Mankato,MN,Blue Earth,0x01EA8B309664D8D06DDCCFFA667DDE445CC85E4809B85BED0DFC0DFA37AA7401285C8DCE0487E7AA82A80190277F564A9439BE8E4FB50799CB8FDD1D5B019CC19F,1988,MALE,R_20000_29999,C_11,56001,Minnesota,MN,WORK_RELATED,PERSONAL,1,1,1,0,1,0,0,0,0,0,0,0,0,0,0,0,1,0,0,NON_HISPANIC_LATINO,Mankato Area Adult Basic Education,MN,CREDENTIALED,2022-02-23 20:43:00,0,True,False,False,False,False,False,False,False,False,False,False,False,False,False,False,False,False,False,False,False,False,False,True
1284264,2020-04-13 17:23:00,0x01393B3A124B270CD8EBFD4A633D3A64F82D894266E972F432A1ED30E098FFD1C2FC7BA092C3F3D0221D029C6E035EDDFA9E7E2CD0C0D9A3BE791D6958723F234ED37BCE29A1AA9D7547A575931BDC6806ED680B0465D3819A23B14E5FEA80F900,FLORENCE,AZ,Pinal,0x0160095D6B1C26958397910DD8E29F6B91234ECFB6E47E51059B05E0BF5391E76603DE550F4EDC7D0BB2F86ADD0CBFCF0C9E5F63D6AE0AE3F352F1876E00245FC3,1995,MALE,UNDER_5000,C_9,85132,Arizona,AZ,PERSONAL_GAIN,PERSONAL_AND_ACADEMIC,1,0,1,0,1,0,0,0,0,0,0,0,0,0,0,1,0,0,0,HISPANIC_LATINO,UNKNOWN,UNKNOWN,UNKNOWN,2019-06-17 17:13:00,0,True,False,False,False,False,False,False,False,False,False,False,False,False,False,False,False,False,False,False,False,False,False,True
1465687,2022-05-16 14:40:00,0x01392957A2A8A9797EB43472FFD7AD36635F55DF24DDB620C748A515397DA57E9A7D8ADDBD4719FD88CF989D452C9CA895BF222468BC014AEAB7711AE1DEDB80A3511EE767E74E1310ABF44BAF790DFA5ABAFAAC13906A1C1F7876D9DAA6E03D65,White Deer,PA,Union,0x019FD9117A7399B7BE86345A31F1615CD98D790D6987D5E3AD274017C50769B2A594977F25899C590330FB1CE407B7F6DA62F79692C7C78EAB595ABD95D4FDB1D4,1981,UNKNOWN,UNKNOWN,UNKNOWN,17887,Federal Bureau of Prisons,FBOP,UNKNOWN,UNKNOWN,1,0,0,0,0,0,0,0,0,0,0,0,0,0,0,0,0,0,0,UNKNOWN,UNKNOWN,UNKNOWN,UNKNOWN,2015-06-05 00:00:00,0,True,False,False,False,False,False,False,False,False,False,False,False,False,False,False,False,False,False,False,False,False,False,True
2151051,2022-02-18 15:53:00,0x0128B01F56D16B60750EF7A1E0E5323423C57C8F41944C055AAF167AD2C4EF32A1A0E2F0AABCFB6586CA8056E14794F4AB081C8C8E059CABD7B1C7A8819705B00F47945748BE668EFFCC88783FECEB5E48710D8FB9EB4FE9DEB54A8A0AEBE1EBFA,Rutherfordton,NC,Rutherford,0x01BFCDEBD6A55296E66B1BBAAEA9A35A26C2AE5E46DD55D202CACF1D169947D55481D530B2C77DD0F18D1DFA7E1A6843601F67BC864C3D070418B95631F52739AF,1969,UNKNOWN,UNKNOWN,UNKNOWN,28139,Federal Bureau of Prisons,FBOP,UNKNOWN,UNKNOWN,1,0,0,0,0,0,0,0,0,0,0,0,0,0,0,0,0,0,0,UNKNOWN,UNKNOWN,UNKNOWN,UNKNOWN,2016-03-23 17:00:00,0,True,False,False,False,False,False,False,False,False,False,False,False,False,False,False,False,False,False,False,False,False,False,True
6452824,2021-06-29 14:10:00,0x0186AE77911A23DCBBA8277E445798E1BB726651DC7C2A660766C35FE29ABAE5C5A16FF8FFD92DE33BB37E80685A956D22146EA4EA65D620976466B8D0002970D593C68E1E99074035DD8FA570C098CA31684B42B65A22588819964C6E3238F238,Pekin,IL,UNKNOWN,0x0192BEE060A1ECA90024AA460399AA6AE1653A27F48E153353220C50C3F140DAD591A3F613E6E355DF20D95211E028AB46F7554EB28051A324F960034EA726E4AE,1933,MALE,UNKNOWN,C_12,61554,Federal Bureau of Prisons,FBOP,PERSONAL_GAIN,HOME_SCHOOLED,1,0,1,0,0,0,0,0,0,0,0,0,0,0,1,0,0,0,0,NON_HISPANIC_LATINO,UNKNOWN,UNKNOWN,UNKNOWN,,1,False,True,False,False,False,False,False,False,False,False,False,False,False,False,False,False,False,False,False,False,False,False,True
7165951,2022-06-03 21:11:00,0x016A233AE779D7DDC44027A5C82848C3C22D84B4AEE1751F61F86FD2B2658F625254FC65A5F2AA2B72012E44A4ED2707670EBA3E66FE78217EE9FA4064FB9C390769859E9DB1357175798000F69DF795C64A8C57CDFFDF450B24E248C85912E7E8,Severna Park,MD,Anne Arundel,0x01E5CCC0851092EE795924C7C2153CB198965AA499ABA1DDEE9D609C10D81755E0E33567F9690EB066C09BAE74F39941FC8C816BF752C87B59DD01FB25EC29151C,1941,UNKNOWN,UNKNOWN,UNKNOWN,21146,Maryland,MD,UNKNOWN,UNKNOWN,1,0,0,0,0,0,0,0,0,0,0,0,0,0,0,0,0,0,0,UNKNOWN,Anne Arundel Community College - Sales and Service Training Center (SSTC),MD,CONTACTED,,1,False,True,False,False,False,False,False,False,False,False,False,False,False,False,False,False,False,False,False,False,False,False,True
7244395,2022-07-08 21:12:00,0x01F6CD4828AFC9BC0FBD256472DC6B23FDB4F41F5F4B3B6F768484DAE1B4E40C7B346DA7FB1E7B7784C0343B7303A99BF708343249759FEE5ED1AC8FB92483E469D59053E31FE456F94C306BF953D1BAC3F5F964F72BD725D8FAB57EFF33557AC1,Spotsylvania,VA,Spotsylvania,0x01DF866362041965FFF2838A634A7FBD5FD930B66CF5C4B2A2760AD71F899FD67898BF23D40A77957D1906B9170E0EC7E75DFAB50785C622877D6D7A181A0A3C4A,1941,UNKNOWN,UNKNOWN,UNKNOWN,22553,Virginia,VA,UNKNOWN,UNKNOWN,1,0,0,0,0,0,0,0,0,0,0,0,0,0,0,0,0,0,0,UNKNOWN,"Rappahannock Area Regional Adult Education - Caroline, Fredericksburg, King George, Spotsylvania, Stafford",VA,ENROLLED,,1,False,True,False,False,False,False,False,False,False,False,False,False,False,False,False,False,False,False,False,False,False,False,True
